{
  "shadow_board":
  {
    "texture_img_src": "/home/andi/dtd/labels/shadow_board.txt",
    "trans_dim_enabled": "XY",
    "rot_dim_enabled": "Z"
  },
  "storage_bin":
  {
    "texture_img_src": "/home/andi/dtd/labels/box.txt"
  },
  "klt":
  {
    "texture_img_src": "/home/andi/dtd/labels/box.txt",
    "translation_enabled": "True"
  },
  "storage_rack":
  {
    "texture_img_src": "/home/andi/dtd/labels/storage_rack.txt",
    "translation_enabled": "True"
  },
  "table":
  {
    "texture_img_src": "/home/andi/dtd/labels/table.txt"
  },
  "work_place":
  {
    "texture_img_src": "/home/andi/dtd/labels/metallic.txt"
  },
  "working_place":
  {
    "texture_img_src": "/home/andi/dtd/labels/metallic.txt"
  },
  "content":
  {
    "texture_img_src": "/home/andi/dtd/labels/metallic.txt",
    "translation_enabled": "False"
  },
  "label":
  {
    "texture_img_src": "/home/andi/dtd/labels/metallic.txt",
    "texture_enabled": "False",
    "translation_enabled": "False"
  }
}
