{
  "objects": [
    
  ],
  "cam_pos":[
    {
      "location": "0.7229,-0.1956,1.6680",
      "orientation": "0.8037,0.17141,-1.11378"
    },
    {
      "location": "1.06790,-0.2199,1.5880",
      "orientation": "0.803760,0.171410,-0.0367"
    },
    {
      "location": "1.34540,0.41344,1.5274",
      "orientation": "0.80376,0.17141,2.048890"
    },
    {
      "location": "0.81782,0.33431,1.4540",
      "orientation": "0.8037,0.17141,3.942660"
    }

  ],
  "default_values":
  {
    "storage_bin":
    {
      "trans_dim_enabled": "XZ"
    },
    "working_place":
    {
      "scale_dim_enabled": "XY",
      "rot_dim_enabled": "Z",
      "remember_orig_values": "True",
      "visibility_enabled": "False"
    },
    "table":
    {
      "visibility_enabled": "False",
      "remember_orig_values": "True"
    }
  }
 }
