{
  "scenes": [
    {
      "blender_scene": "/home/andi/3dfiles/demonstrator_1.blend",
      "objects": "/home/andi/arbeitsraumerkundung/pytorch-blender/kiraf/demonstrator1.json"
    },
    {
      "blender_scene": "/home/andi/3dfiles/demonstrator_2.blend",
      "objects": "/home/andi/arbeitsraumerkundung/pytorch-blender/kiraf/demonstrator2.json"
    },
    {
      "blender_scene": "/home/andi/3dfiles/demonstrator_3.blend",
      "objects": "/home/andi/arbeitsraumerkundung/pytorch-blender/kiraf/demonstrator3.json"
    }
  ],
  "texture_img_src": "/home/andi/dtd/labels/labels_joint_anno.txt"
}
