{
  "objects": [
    
  ],
  "cam_pos":[
    {
      "location": "1.3057,-1.22050,1.7292",
      "orientation": "0.6324,0.22109,-2.19049"
    },
    {
      "location": "1.3010,-1.33020,1.7292",
      "orientation": "0.6328,0.01774,-1.57282"
    },

    {
      "location": "1.5344,-0.71065,2.2849",
      "orientation": "1.1103,0.01668,-1.56444"
    },
    {
      "location": "1.7128,-0.71065,1.7861",
      "orientation": "1.22938,0.0158,-1.56250"
    }
  ],
  "default_values":
  {
    "storage_bin":
    {
      "trans_dim_enabled": "XZ",
      "trans_max" : "0.1, 0.1, 0.1",
      "trans_min" : "-0.1, -0.1, -0.1"
    },
    "working_place":
    {
      "scale_dim_enabled": "XY",
      "rot_dim_enabled": "Z",
      "remember_orig_values": "True",
      "visibility_enabled": "False"
    },
    "table":
    {
      "visibility_enabled": "False",
      "remember_orig_values": "True",
      "trans_max" : "0.1, 0.1, 0.1",
      "trans_min" : "-0.1, -0.1, -0.1"
    },
    "shadow_board":
    {
      "trans_dim_enabled": "XY"
    }
  }
 }
