{
  "objects": [

  ],
  "cam_pos":[
    {
      "location": "-1.6121,0.22891,1.1786",
      "orientation": "0.81815,-0.04916,-1.6562"
    },
    {
      "location": "-1.4248,-1.9381,1.1786",
      "orientation": "0.81815,-0.04916,-2.07652"
    },
    {
      "location": "-1.4248,-0.2896,1.4043",
      "orientation": "0.8181,-0.049,-0.62704"
    },
    {
      "location": "-0.8268,-0.1654,1.4043",
      "orientation": "1.4312,0.0498,-1.42718"
    }
    
  ],
  "default_values":
  {
    "klt":
    {
      "trans_max": "0.2,0.01,0.2",
      "trans_min": "-0.2, -0.01, -0.2"
    },
    "storage_rack":
    {
      "scale_dim_enabled": "XY",
      "rot_dim_enabled": "Z",
      "remember_orig_values": "True",
      "visibility_enabled": "False"
    }
  }

}
