{
  "objects": [
    
  ],
  "cam_pos":[
    {
      "location": "-1.1094,-0.0203,1.8439",
      "orientation": "1.0711,0.05621,-1.47557"
    },
    {
      "location": "-0.9254,-0.1057,1.5431",
      "orientation": "0.81908,-0.1103,-3.0479"
    },
    {
      "location": "-1.4301,-0.3838,1.5431",
      "orientation": "0.81908,-0.1103,-1.75654"
    }
  ],
  "default_values":
  {
    "klt":
    {
      "trans_max": "0.2,0.01,0.2",
      "trans_min": "-0.2, -0.01, -0.2"
    },
    "storage_rack":
    {
      "scale_dim_enabled": "XY",
      "rot_dim_enabled": "Z",
      "remember_orig_values": "True",
      "visibility_enabled": "False"
    }
  }
}

