{
  "objects": [
    
  ],
  "cam_pos":[
    {
      "location": "-0.36603,-0.8943,2.1211",
      "orientation": "1.18563,0.07560,-1.60142"
    },
    {
      "location": "-0.51128,-1.4456,1.3191",
      "orientation": "1.1856,0.07560,-1.6014"
    },
    {
      "location": "-0.63729,-1.44560,1.6422",
      "orientation": "0.08401,0.0068,-1.65208"
    }
  ],
  "default_values":
  {
    "storage_bin":
    {
      "trans_max": "0.2,0.01,0.2",
      "trans_min": "-0.2, -0.01, -0.2"
    },
    "storage_rack":
    {
      "visibility_enabled": "False",
      "scale_dim_enabled": "XY",
      "rot_dim_enabled": "Z",
      "remember_orig_values": "True"
    }
  }
}
