{
  "objects": [
    {
      "name": "table",
      "visibility_enabled": "False"
    },
    {
      "name": "shadow_board",
      "trans_dim": "XY",
      "trans_max": [0.2, 0.2, 0.2]
    }
  ],
  "cam_pos":[
    {
      "location": "-0.50879, 0.051816, 1.4575",
      "orientation": "0.2649,0.1318,-1.60669"
    },
    {
      "location": "-0.4806,0.0518,1.4575",
      "orientation": "0.98793,0.04008,-1.51058"
    },
    {
      "location": "-0.4806,0.0518,2.0257",
      "orientation": "0.98793,0.04008,-1.51058"
    }
  ],
  "default_values":
  {
    "klt":
    {
      "trans_max": "0.2,0.01,0.2",
      "trans_min": "-0.2, -0.01, -0.2"
    },
    "storage_rack":
    {
      "visibility_enabled": "False",
      "scale_dim_enabled": "XY",
      "rot_dim_enabled": "Z",
      "remember_orig_values": "True"
    }
  }
}
