{
  "objects": [
    {
      "name": "table",
      "visibility_enabled": "False"
    }
  ],
  "cam_pos":[
    {
      "location": "-0.3624,-1.33700,1.3228",
      "orientation": "1.42469,-0.05673,-3.32672"
    },
    {
      "location": "-0.3624,-1.58890,1.3228",
      "orientation": "1.12833,-0.10867,-3.30205"
    },
    {
      "location": "-0.31125,-1.3759,1.2309",
      "orientation": "0.82184,-0.01368,-4.40421"
    },
    {
      "location": "-1.72990,-1.4801,1.2309",
      "orientation": "0.54339,-0.08048,-3.74708"
    },
    {
      "location": "-1.88280,-1.5616,1.4395",
      "orientation": "1.07855,-0.08807,-3.25635"
    }
  ],
  "default_values":
  {
    "klt":
    {
      "trans_max": "0.2,0.01, 0.2",
      "trans_min": "-0.2, -0.01, -0.2"
    },
    "storage_rack":
    {
      "scale_dim_enabled": "XY",
      "rot_dim_enabled": "Z",
      "remember_orig_values": "True",
      "visibility_enabled": "False"
    }
  }
 }
