{
  "objects": [
    {
      "name": "shadow_board",
      "visibility_enabled": "False"
    }
  ],
  "cam_pos":[
    {
      "location": "0.82596,-0.94311,1.9557",
      "orientation": "0.9804,0.04860,-1.3867"
    },
    {
      "location": "0.82596,-0.16109,1.9557",
      "orientation": "0.8725,0.00858,-1.95138"
    }
  ],
  "default_values":
  {
    "storage_rack":
    {
      "scaling_enabled": "False",
      "translation_enabled": "False",
      "rotation_enabled": "False",
      "remember_orig_values": "True",
      "visibility_enabled": "False"
    },
    "table":
    {
      "visibility_enabled": "False"
    }
  }
 }
